PLNFI0600010;06N;06MAGNA;MAGNA POLONIA SPÓŁKA AKCYJNA;GPW
PLNFI0800016;08N;08OCTAVA;OCTAVA SPÓŁKA AKCYJNA;GPW
PL11BTS00015;11B;11BIT;11 BIT STUDIOS SPÓŁKA AKCYJNA;GPW
PLGRNKT00019;3RG;3RGAMES;3RGAMES SPÓŁKA AKCYJNA;GPW
PLAB00000019;ABE;ABPL;AB SPÓŁKA AKCYJNA;GPW
PLABSIN00012;AIN;ABSINVEST;ABS INVESTMENT SPÓŁKA AKCYJNA;GPW
PLACSA000014;ACG;ACAUTOGAZ;AC SPÓŁKA AKCYJNA;GPW
PLACTIN00018;ACT;ACTION;ACTION SPÓŁKA AKCYJNA;GPW
PLADVIV00015;ADV;ADIUVO;ADIUVO INVESTMENTS SPÓŁKA AKCYJNA;GPW
PLAGORA00067;AGO;AGORA;AGORA SPÓŁKA AKCYJNA;GPW
CY0101062111;AGT;AGROTON;AGROTON PUBLIC LIMITED;GPW
PLSNTFG00017;ALG;AIGAMES;ALL IN! GAMES SPÓŁKA AKCYJNA;GPW
PLWNDMB00010;ALL;AILLERON;AILLERON SPÓŁKA AKCYJNA;GPW
PLAIRWY00017;AWM;AIRWAY;AIRWAY MEDIX SPÓŁKA AKCYJNA;GPW
PLALIOR00045;ALR;ALIOR;ALIOR BANK SPÓŁKA AKCYJNA;GPW
LU2237380790;ALE;ALLEGRO;ALLEGRO.EU SOCIÉTÉ ANONYME;GPW
PLTRNSU00013;AAT;ALTA;ALTA SPÓŁKA AKCYJNA;GPW
PLATTFI00018;ALI;ALTUS;ALTUS SPÓŁKA AKCYJNA;GPW
PLAMBRA00013;AMB;AMBRA;AMBRA SPÓŁKA AKCYJNA;GPW
PLAMICA00010;AMC;AMICA;AMICA WRONKI SPÓŁKA AKCYJNA;GPW
PLAMPLI00019;APL;AMPLI;AMPLI SPÓŁKA AKCYJNA W UPADŁOŚCI UKŁADOWEJ;GPW
ES0105375002;EAT;AMREST;AMREST HOLDINGS SE;GPW
PLANSWR00019;ANR;ANSWEAR;ANSWEAR.COM SPÓŁKA AKCYJNA;GPW
PLAPATR00018;APT;APATOR;APATOR SPÓŁKA AKCYJNA;GPW
PLAPLS000016;APN;APLISENS;APLISENS SPÓŁKA AKCYJNA;GPW
PLAPSEN00011;APE;APSENERGY;APS ENERGIA SPÓŁKA AKCYJNA;GPW
PLARHCM00016;ARH;ARCHICOM;ARCHICOM SPÓŁKA AKCYJNA;GPW
PLARTPR00012;ATC;ARCTIC;ARCTIC PAPER SPÓŁKA AKCYJNA;GPW
PLARLEN00012;ARL;ARLEN;ARLEN SPÓŁKA AKCYJNA;GPW
PLARTFX00011;ART;ARTIFEX;ARTIFEX MUNDI SPÓŁKA AKCYJNA;GPW
CY1000031710;ASB;ASBIS;ASBISC ENTERPRISES PLC;GPW
PLASMGR00014;ASM;ASMGROUP;ASM GROUP SPÓŁKA AKCYJNA;GPW
PLABS0000018;ABS;ASSECOBS;ASSECO BUSINESS SOLUTIONS SPÓŁKA AKCYJNA;GPW
PLSOFTB00016;ACP;ASSECOPOL;ASSECO POLAND SPÓŁKA AKCYJNA;GPW
PLASSEE00014;ASE;ASSECOSEE;ASSECO SOUTH EASTERN EUROPE SPÓŁKA AKCYJNA;GPW
NL0000686509;AST;ASTARTA;ASTARTA HOLDING N.V.;GPW
PLATAL000046;1AT;ATAL;ATAL SPÓŁKA AKCYJNA;GPW
PLATMSI00016;ATD;ATENDE;ATENDE SPÓŁKA AKCYJNA;GPW
PLATLPL00018;ATP;ATLANTAPL;ATLANTA POLAND SPÓŁKA AKCYJNA;GPW
EE3100063686;ATS;ATLANTIS;ATLANTIS SE;GPW
PLATM0000021;ATG;ATMGRUPA;ATM GRUPA SPÓŁKA AKCYJNA;GPW
PLATREM00017;ATR;ATREM;ATREM SPÓŁKA AKCYJNA;GPW
PLATPRT00018;APR;AUTOPARTN;AUTO PARTNER SPÓŁKA AKCYJNA;GPW
PLMRVPL00016;BAH;BAHOLDING;BRITISH AUTOMOTIVE HOLDING SPÓŁKA AKCYJNA;GPW
PLNFI1200018;BBD;BBIDEV;BBI DEVELOPMENT SPÓŁKA AKCYJNA;GPW
PLBNFTS00018;BFT;BENEFIT;BENEFIT SYSTEMS SPÓŁKA AKCYJNA;GPW
PLBEST000010;BST;BEST;BEST SPÓŁKA AKCYJNA;GPW
PLBTCOM00016;BCM;BETACOM;BETACOM SPÓŁKA AKCYJNA;GPW
PLA340200015;BCS;BIGCHEESE;BIG CHEESE STUDIO SPÓŁKA AKCYJNA;GPW
PLBCLTX00019;BCX;BIOCELTIX;BIOCELTIX SPÓŁKA AKCYJNA;GPW
PLBIOMX00015;BMX;BIOMAXIMA;BIOMAXIMA SPÓŁKA AKCYJNA;GPW
PLBIOPL00013;BIP;BIOPLANET;BIO PLANET SPÓŁKĄ AKCYJNA;GPW
PLBIOTN00029;BIO;BIOTON;BIOTON SPÓŁKA AKCYJNA;GPW
PLBGZ0000010;BNP;BNPPPL;BNP PARIBAS BANK POLSKA SPÓŁKA AKCYJNA;GPW
PLLWBGD00016;LWB;BOGDANKA;LUBELSKI WĘGIEL BOGDANKA SPÓŁKA AKCYJNA;GPW
PLBMBIT00010;BBT;BOOMBIT;BOOMBIT SPÓŁKA AKCYJNA;GPW
PLBRSZW00011;BRS;BORYSZEW;BORYSZEW SPÓŁKA AKCYJNA;GPW
PLBOS0000019;BOS;BOS;BANK OCHRONY ŚRODOWISKA SPÓŁKA AKCYJNA;GPW
PLBOWM000019;BOW;BOWIM;BOWIM SPÓŁKA AKCYJNA;GPW
PLBRN2400013;B24;BRAND24;BRAND 24 SPÓŁKA AKCYJNA;GPW
PLBRSTR00014;BRA;BRASTER;BRASTER SPÓŁKA AKCYJNA;GPW
PLBUDMX00013;BDX;BUDIMEX;BUDIMEX SPÓŁKA AKCYJNA;GPW
PLBMECH00012;BMC;BUMECH;BUMECH SPÓŁKA AKCYJNA;GPW
PLCPTLP00015;CPA;CAPITAL;CAPITAL PARTNERS SPÓŁKA AKCYJNA;GPW
PLGTBCK00297;CAP;CAPITEA;CAPITEA SPÓŁKA AKCYJNA;GPW
PLCPTRT00014;CTX;CAPTORTX;CAPTOR THERAPEUTICS SPÓŁKA AKCYJNA;GPW
PLCRPCP00034;CRC;CARPATHIA;CARPATHIA CAPITAL ASI SPÓŁKA AKCYJNA;GPW
PLCSPAM00017;CSR;CASPAR;CASPAR ASSET MANAGEMENT SPÓŁKA AKCYJNA;GPW
PLCVTNH00040;CAV;CAVATINA;CAVATINA HOLDING SPÓŁKA AKCYJNA;GPW
PLCCC0000016;CCC;CCC;CCC SPÓŁKA AKCYJNA;GPW
PLKAREN00014;CCE;CCENERGY;CLEAN&CARBON ENERGY SPÓŁKA AKCYJNA;GPW
PLOPTTC00011;CDR;CDPROJEKT;CD PROJEKT SPÓŁKA AKCYJNA;GPW
PLCDRL000043;CDL;CDRL;CDRL SPÓŁKA AKCYJNA;GPW
PLCELPD00013;CPD;CELTIC;CPD SPÓŁKA AKCYJNA;GPW
PLSTRGM00014;CTF;CENTURION;CENTURION FINANCE SPÓŁKA AKCYJNA;GPW
CZ0005112300;CEZ;CEZ;ČEZ. A.S.;GPW
PLINTKS00013;CFI;CFI;CFI HOLDING SPÓŁKA AKCYJNA;GPW
PLCIECH00018;CIE;CIECH;CIECH SPÓŁKA AKCYJNA;GPW
PLCTINT00018;CIG;CIGAMES;CI GAMES SPÓŁKA AKCYJNA;GPW
EE3100126368;CTS;CITYSERV;CITY SERVICE SE;GPW
PLCLNPH00015;CLN;CLNPHARMA;CELON PHARMA SPÓŁKA AKCYJNA;GPW
PLCLDTC00019;CLD;CLOUD;CLOUD TECHNOLOGIES SPÓŁKA AKCYJNA;GPW
LU0646112838;CLE;COALENERG;COAL ENERGY S.A.;GPW
PLCNTSL00014;COG;COGNOR;COGNOR SPÓŁKA AKCYJNA;GPW
PLSTIGR00012;CLC;COLUMBUS;COLUMBUS ENERGY SPÓŁKA AKCYJNA;GPW
PLCOMAR00012;CMR;COMARCH;COMARCH SPÓŁKA AKCYJNA;GPW
PLCMP0000017;CMP;COMP;COMP SPÓŁKA AKCYJNA;GPW
PLCOMPR00010;CPL;COMPERIA;COMPERIA.PL SPÓŁKA AKCYJNA;GPW
PLPZBDT00013;CPR;COMPREMUM;COMPREMUM SPÓŁKA AKCYJNA;GPW
PLCMRAY00029;CRM;CORMAY;PZ CORMAY SPÓŁKA AKCYJNA;GPW
AT0000A21KS2;CPI;CPIEUROPE;CPI FIM SA;GPW
PLCRPJR00019;CRJ;CREEPYJAR;CREEPY JAR SPÓŁKA AKCYJNA;GPW
PLCRTCH00017;CRI;CREOTECH;CREOTECH INSTRUMENTS SPÓŁKA AKCYJNA;GPW
PLR220000018;CBF;CYBERFLKS;CYBER_FOLKS SPÓŁKA AKCYJNA;GPW
PLCFRPT00013;CPS;CYFRPLSAT;CYFROWY POLSAT SPÓŁKA AKCYJNA;GPW
PLCRWTR00022;CZT;CZTOREBKA;CZERWONA TOREBKA SPÓŁKA AKCYJNA;GPW
PLDADEL00013;DAD;DADELO;DADELO SPÓŁKA AKCYJNA;GPW
PLPILAB00012;DAT;DATAWALK;DATAWALK SPÓŁKA AKCYJNA;GPW
PLDBENR00017;DBE;DBENERGY;DB ENERGY SPÓŁKA AKCYJNA;GPW
PLDEBCA00016;DBC;DEBICA;FIRMA OPONIARSKA DĘBICA SPÓŁKA AKCYJNA;GPW
PLDECOR00013;DCR;DECORA;DECORA SPÓŁKA AKCYJNA;GPW
PLDEKPL00032;DEK;DEKPOL;DEKPOL SPÓŁKA AKCYJNA;GPW
PLDELKO00019;DEL;DELKO;DELKO SPÓŁKA AKCYJNA;GPW
PLLCCRP00017;DVL;DEVELIA;DEVELIA SPÓŁKA AKCYJNA;GPW
PLDGA0000019;DGA;DGA;DGA SPÓŁKA AKCYJNA;GPW
PLDGNST00012;DIA;DIAG;DIAGNOSTYKA SPÓŁKA AKCYJNA;GPW
PL4FNMD00013;DIG;DIGITANET;DIGITAL NETWORK SPÓŁKA AKCYJNA;GPW
PLSARE000013;DTR;DIGITREE;DIGITREE GROUP SPÓŁKA AKCYJNA;GPW
PLDINPL00011;DNP;DINOPL;DINO POLSKA SPÓŁKA AKCYJNA;GPW
PLGLBLC00011;DMG;DMGROUP;DR. MIELE COSMED GROUP SPÓŁKA AKCYJNA;GPW
PLDMDVL00012;DOM;DOMDEV;DOM DEVELOPMENT SPÓŁKA AKCYJNA;GPW
PLDRG0000013;DGE;DRAGOENT;DRAGO ENTERTAINMENT SPÓŁKA AKCYJNA;GPW
PLDRZPL00032;DPL;DROZAPOL;DROZAPOL-PROFIL SPÓŁKA AKCYJNA;GPW
PLECBDZ00013;ECB;ECBSA;ELEKTROCIEPŁOWNIA BĘDZIN SPÓŁKA AKCYJNA;GPW
PLECHPS00019;ECH;ECHO;ECHO INVESTMENT SPÓŁKA AKCYJNA;GPW
PLEDINV00014;EDI;EDINVEST;ED INVEST SPÓŁKA AKCYJNA;GPW
PLEFEKT00018;EFK;EFEKT;KORPORACJA GOSPODARCZA EFEKT SPÓŁKA AKCYJNA;GPW
PLEKEP000019;EEX;EKOEXPORT;EKO EXPORT SPÓŁKA AKCYJNA;GPW
PLELEKT00016;ELT;ELEKTROTI;ELEKTROTIM SPÓŁKA AKCYJNA;GPW
PLELKOP00013;EKP;ELKOP;ELKOP SPÓŁKA AKCYJNA;GPW
PLELZAB00010;ELZ;ELZAB;ZAKŁADY URZĄDZEŃ KOMPUTEROWYCH ELZAB SPÓŁKA AKCYJNA;GPW
PLEMCIM00017;EMC;EMCINSMED;EMC INSTYTUT MEDYCZNY SPÓŁKA AKCYJNA;GPW
PLENAP000010;ENP;ENAP;ENERGOAPARATURA SPÓŁKA AKCYJNA;GPW
PLENEA000013;ENA;ENEA;ENEA SPÓŁKA AKCYJNA;GPW
PLENLMD00017;ENE;ENELMED;CENTRUM MEDYCZNE ENEL-MED SPÓŁKA AKCYJNA;GPW
PLENERG00022;ENG;ENERGA;ENERGA SPÓŁKA AKCYJNA;GPW
PLERGIN00015;ENI;ENERGOINS;ENERGOINSTAL SPÓŁKA AKCYJNA;GPW
PLENTER00017;ENT;ENTER;ENTER AIR SPÓŁKA AKCYJNA;GPW
PLRESBD00032;EQU;EQUNICO;EQUNICO SE;GPW
PLERBUD00012;ERB;ERBUD;ERBUD SPÓŁKA AKCYJNA;GPW
PLERGZB00014;ERG;ERG;ERG SPÓŁKA AKCYJNA;GPW
PLESTHN00018;EAH;ESOTIQ;ESOTIQ & HENDERSON SPÓŁKA AKCYJNA;GPW
HU0000089198;EST;ESTAR;ENEFI ENERGIAHATÉKONYSÁGI NYRT.;GPW
PLERPCO00017;EUC;EUCO;EUROPEJSKIE CENTRUM ODSZKODOWAŃ SPÓŁKA AKCYJNA;GPW
PLEURCH00011;EUR;EUROCASH;EUROCASH SPÓŁKA AKCYJNA;GPW
BG1100114062;EHG;EUROHOLD;EUROHOLD BULGARIA AD;GPW
PLERTEL00011;ETL;EUROTEL;EUROTEL SPÓŁKA AKCYJNA;GPW
PLK2ITR00010;FAB;FABRITY;FABRITY HOLDING SPÓŁKA AKCYJNA;GPW
PLFSING00010;FSG;FASING;FABRYKI SPRZĘTU I NARZĘDZI GÓRNICZYCH GRUPA KAPITAŁOWA FASING SPÓŁKA AKCYJNA;GPW
PLFSTFC00012;FFI;FASTFIN;FAST FINANCE SPÓŁKA AKCYJNA;GPW
PLFEERM00018;FEE;FEERUM;FEERUM SPÓŁKA AKCYJNA;GPW
PLFERRO00016;FRO;FERRO;FERRO SPÓŁKA AKCYJNA;GPW
PLFERUM00014;FER;FERRUM;FERRUM SPÓŁKA AKCYJNA;GPW
PLTHP0000011;FMG;FMG;ONE SPÓŁKA AKCYJNA;GPW
EE3100100835;FON;FON;FON SPÓŁKA AKCYJNA;GPW
PLPMPOL00031;FHB;FOODHUB;FOODHUB SPÓŁKA AKCYJNA;GPW
PLFORTE00012;FTE;FORTE;FABRYKI MEBLI FORTE SPÓŁKA AKCYJNA;GPW
PLGMSOP00019;GOP;GAMEOPS;GAMES OPERATORS SPÓŁKA AKCYJNA;GPW
PLGMNGF00017;GIF;GAMFACTOR;GAMING FACTORY SPÓŁKA AKCYJNA;GPW
PLGNMTC00017;GMT;GENOMTEC;GENOMTEC SPÓŁKA AKCYJNA;GPW
PLGSPR000014;GTN;GETIN;GETIN HOLDING SPÓŁKA AKCYJNA;GPW
PLWRKSR00019;GIG;GIGROUP;GI GROUP POLAND SPÓŁKA AKCYJNA;GPW
PLDUDA000016;GOB;GOBARTO;GOBARTO SPÓŁKA AKCYJNA;GPW
PLGPW0000017;GPW;GPW;GIEŁDA PAPIERÓW WARTOŚCIOWYCH W WARSZAWIE SPÓŁKA AKCYJNA;GPW
AU0000198939;GRX;GREENX;GREENX METALS LIMITED;GPW
PLFAMUR00012;GEA;GRENEVIA;GRENEVIA SPÓŁKA AKCYJNA;GPW
PLGRODN00015;GRN;GRODNO;GRODNO SPÓŁKA AKCYJNA;GPW
PLZATRM00012;ATT;GRUPAAZOTY;GRUPA AZOTY SPÓŁKA AKCYJNA;GPW
PLGRPRC00015;GPP;GRUPRACUJ;GRUPA PRACUJ SPÓŁKA AKCYJNA;GPW
PLGTC0000037;GTC;GTC;GLOBE TRADE CENTRE SPÓŁKA AKCYJNA;GPW
PLBH00000012;BHW;HANDLOWY;BANK HANDLOWY W WARSZAWIE SPÓŁKA AKCYJNA;GPW
PLHRPHG00023;HRP;HARPER;HARPER HYGIENICS SPÓŁKA AKCYJNA;GPW
PLHELIO00014;HEL;HELIO;HELIO SPÓŁKA AKCYJNA;GPW
PLZRWZW00012;HRS;HERKULES;HERKULES SPÓŁKA AKCYJNA;GPW
PLHMINW00016;HMI;HMINWEST;HM INWEST SPÓŁKA AKCYJNA;GPW
PLHOLWD00017;HLD;HOLLYWOOD;HOLLYWOOD SPÓŁKA AKCYJNA;GPW
US44853H1086;HUG;HUUUGE;HUUUGE, INC.;GPW
PLHDRTR00013;HDR;HYDROTOR;PRZEDSIĘBIORSTWO HYDRAULIKI SIŁOWEJ HYDROTOR S.A.;GPW
PLPLPGR00010;IBS;IBSM;NOBLE FINANCIALS SPÓŁKA AKCYJNA;GPW
PLIDMSA00044;IDM;IDMSA;IDM SPÓŁKA AKCYJNA W UPADŁOŚCI UKŁADOWEJ;GPW
EE3100065392;IFC;IFCAPITAL;INVESTMENT FRIENDS CAPITAL SE;GPW
PLPWRMD00011;IFI;IFIRMA;IFIRMA SPÓŁKA AKCYJNA;GPW
EE3100099391;IFR;IFSA;INVESTMENT FRIENDS;GPW
LU0607203980;IMC;IMCOMPANY;INDUSTRIAL MILK COMPANY S.A.;GPW
PLMAKRM00019;GKI;IMMOBILE;GRUPA KAPITAŁOWA IMMOBILE SPÓŁKA AKCYJNA;GPW
PLNFI0700018;IMP;IMPERIO;IMPERIO ALTERNATYWNA SPÓŁKA AKCYJNA;GPW
PLINTMS00019;IMS;IMS;IMS SPÓŁKA AKCYJNA;GPW
PLINCLT00015;INC;INC;INC SPÓŁKA AKCYJNA;GPW
PLLSTIA00018;IDG;INDYGO;INDYGOTECH MINERALS SPÓŁKA AKCYJNA;GPW
PLBSK0000017;ING;INGBSK;ING BANK ŚLĄSKI SPÓŁKA AKCYJNA;GPW
PLINPRO00015;INP;INPRO;INPRO SPÓŁKA AKCYJNA;GPW
PLINSTK00013;INK;INSTALKRK;INSTAL KRAKÓW SPÓŁKA AKCYJNA;GPW
LT0000128621;IRL;INTERAOLT;AB INTER RAO LIETUVA;GPW
PLINTBD00014;ITB;INTERBUD;INTERBUD-LUBLIN SPÓŁKA AKCYJNA W RESTRUKTURYZACJI;GPW
PLINTCS00010;CAR;INTERCARS;INTER CARS SPÓŁKA AKCYJNA;GPW
PLINTSP00038;IPO;INTERSPPL;INTERSPORT POLSKA SPÓŁKA AKCYJNA;GPW
PLINTRL00013;INL;INTROL;INTROL SPÓŁKA AKCYJNA;GPW
PLIPOPM00011;IPE;IPOPEMA;IPOPEMA SECURITIES SPÓŁKA AKCYJNA;GPW
PLIZBLK00010;IZB;IZOBLOK;IZOBLOK SPÓŁKA AKCYJNA;GPW
PLIZCJR00017;IZO;IZOLACJA;IZOLACJA-JAROCIN SPÓŁKA AKCYJNA;GPW
PLIZSTL00015;IZS;IZOSTAL;IZOSTAL SPÓŁKA AKCYJNA;GPW
PLJSW0000015;JSW;JSW;JASTRZĘBSKA SPÓŁKA WĘGLOWA SPÓŁKA AKCYJNA;GPW
PLJWWNT00018;JWW;JWWINVEST;JWW INVEST SPÓŁKA AKCYJNA;GPW
PLPONAR00012;KCI;KCI;KCI SPÓŁKA AKCYJNA;GPW
CY0102492119;KDM;KDMSHIPNG;KDM SHIPPING PUBLIC LIMITED;GPW
LU0327357389;KER;KERNEL;KERNEL HOLDING S.A.;GPW
PLKETY000011;KTY;KETY;GRUPA KĘTY SPÓŁKA AKCYJNA;GPW
PLKGHM000017;KGH;KGHM;KGHM POLSKA MIEDŹ SPÓŁKA AKCYJNA;GPW
PLKRKGL00012;KGL;KGL;KORPORACJA KGL SPÓŁKA AKCYJNA;GPW
PLKNOPL00014;KPL;KINOPOL;KINO POLSKA TV SPÓŁKA AKCYJNA;GPW
PLKGNRC00015;KGN;KOGENERA;ZESPÓŁ ELEKTROCIEPŁOWNI WROCŁAWSKICH KOGENERACJA SPÓŁKA AKCYJNA;GPW
PLKOMPP00017;KMP;KOMPAP;PRZEDSIĘBIORSTWO PRODUKCYJNO HANDLOWE KOMPAP SPÓŁKA AKCYJNA;GPW
PLKMPTR00012;KOM;KOMPUTRON;KOMPUTRONIK SPÓŁKA AKCYJNA;GPW
PLKPPD000017;KPD;KPPD;KOSZALIŃSKIE PRZEDSIĘBIORSTWO PRZEMYSŁU DRZEWNEGO SPÓŁKA AKCYJNA;GPW
PLKRKCH00019;KCH;KRAKCHEM;KRAKCHEMIA SPÓŁKA AKCYJNA;GPW
PLKRINK00014;KRI;KREDYTIN;KREDYT INKASO SPÓŁKA AKCYJNA;GPW
SI0031102120;KRK;KRKA;KRKA. TOVARNA ZDRAVIL. D.D.. NOVO MESTO;GPW
PLKRK0000010;KRU;KRUK;KRUK SPÓŁKA AKCYJNA;GPW
PLKRVTM00010;KVT;KRVITAMIN;KRYNICA VITAMIN SPÓŁKA AKCYJNA;GPW
LU0611262873;KSG;KSGAGRO;KSG AGRO S.A.;GPW
PLLBPRT00013;LAB;LABOPRINT;LABO PRINT SPÓŁKA AKCYJNA;GPW
PLPPWK000014;LRK;LARK;LARK.PL SPÓŁKA AKCYJNA;GPW
PLCAMMD00032;LRQ;LARQ;LARQ SPÓŁKA AKCYJNA;GPW
PLLENAL00015;LEN;LENA;LENA LIGHTING SPÓŁKA AKCYJNA;GPW
PLLENTX00010;LTX;LENTEX;LENTEX SPÓŁKA AKCYJNA;GPW
PLINTGR00013;LES;LESS;LESS SPÓŁKA AKCYJNA;GPW
PLLBT0000013;LBT;LIBET;LIBET SPÓŁKA AKCYJNA;GPW
PLLKMDW00049;LKD;LOKUM;LOKUM DEWELOPER SPÓŁKA AKCYJNA;GPW
PLLPP0000011;LPP;LPP;LPP SPÓŁKA AKCYJNA;GPW
PLLSSFT00016;LSI;LSISOFT;LSI SOFTWARE SPÓŁKA AKCYJNA;GPW
PLLUBAW00013;LBW;LUBAWA;LUBAWA SPÓŁKA AKCYJNA;GPW
PLMBION00016;MAB;MABION;MABION SPÓŁKA AKCYJNA;GPW
PLMKRNP00015;MAK;MAKARONPL;MAKARONY POLSKIE SPÓŁKA AKCYJNA;GPW
PLZTKMA00017;MGT;MANGATA;MANGATA HOLDING SPÓŁKA AKCYJNA;GPW
PLADDRG00015;MAN;MANYDEV;MANYDEV STUDIO SE;GPW
PLMRVDV00011;MVP;MARVIPOL;MARVIPOL DEVELOPMENT SPÓŁKA AKCYJNA;GPW
PLMXCMS00016;MXC;MAXCOM;MAXCOM SPÓŁKA AKCYJNA;GPW
PLBRE0000012;MBK;MBANK;MBANK SPÓŁKA AKCYJNA;GPW
FR0000060873;MBW;MBWS;MARIE BRIZARD WINE & SPIRITS;GPW
PLMCIMG00012;MCI;MCI;MCI CAPITAL ASI SPÓŁKA AKCYJNA;GPW
PLNFI1000012;MDI;MDIENERGIA;MDI ENERGIA SPÓŁKA AKCYJNA;GPW
PLMDCLG00015;MDG;MEDICALG;MEDICALGORITHMICS SPÓŁKA AKCYJNA;GPW
PLMDNCE00016;ICE;MEDINICE;MEDINICE SPÓŁKA AKCYJNA;GPW
PLMGRON00016;MEG;MEGARON;MEGARON SPÓŁKA AKCYJNA;GPW
PLMNNCP00011;MNC;MENNICA;MENNICA POLSKA SPÓŁKA AKCYJNA;GPW
PLMRCTR00015;MRC;MERCATOR;MERCATOR MEDICAL SPÓŁKA AKCYJNA;GPW
PLMRCOR00016;MCR;MERCOR;MERCOR SPÓŁKA AKCYJNA;GPW
PLMEXPL00010;MEX;MEXPOLSKA;MEX POLSKA SPÓŁKA AKCYJNA;GPW
PLMFO0000013;MFO;MFO;MFO SPÓŁKA AKCYJNA;GPW
NL0009508712;MLK;MILKILAND;MILKILAND N.V.;GPW
PLBIG0000016;MIL;MILLENNIUM;BANK MILLENNIUM SPÓŁKA AKCYJNA;GPW
PLKLSTN00017;MIR;MIRACULUM;MIRACULUM SPÓŁKA AKCYJNA;GPW
PLMRBUD00015;MRB;MIRBUD;MIRBUD SPÓŁKA AKCYJNA;GPW
PLMLPGR00017;MLG;MLPGROUP;MLP GROUP SPÓŁKA AKCYJNA;GPW
PLMLSTM00015;MLS;MLSYSTEM;ML SYSTEM SPÓŁKA AKCYJNA;GPW
PLMOBRK00013;MBR;MOBRUK;MO-BRUK SPÓŁKA AKCYJNA;GPW
PLMOJ0000015;MOJ;MOJ;MOJ SPÓŁKA AKCYJNA;GPW
HU0000153937;MOL;MOL;MOL MAGYAR OLAJ - ES GAZIPARI NYILVANOSAN MUKODO RESZVENYTARSASAG;GPW
PLONCTH00011;MOC;MOLECURE;MOLECURE SPÓŁKA AKCYJNA;GPW
PLMNRTR00012;MON;MONNARI;MONNARI TRADE SPÓŁKA AKCYJNA;GPW
PLMSTPL00018;MSP;MOSTALPLC;MOSTOSTAL PŁOCK SPÓŁKA AKCYJNA;GPW
PLMSTWS00019;MSW;MOSTALWAR;MOSTOSTAL WARSZAWA SPÓŁKA AKCYJNA;GPW
PLMSTZB00018;MSZ;MOSTALZAB;MOSTOSTAL ZABRZE SPÓŁKA AKCYJNA;GPW
PLMVGMS00011;MOV;MOVIEGAMES;MOVIE GAMES SPÓŁKA AKCYJNA;GPW
PLMURPL00190;MUR;MURAPOL;MURAPOL SPÓŁKA AKCYJNA;GPW
PLMUZA000019;MZA;MUZA;MUZA SPÓŁKA AKCYJNA;GPW
PLMWTRD00013;MWT;MWTRADE;M.W. TRADE SPÓŁKA AKCYJNA;GPW
PLNNGRP00011;NNG;NANOGROUP;NANOGROUP SPÓŁKA AKCYJNA;GPW
PLTRFRM00018;NEU;NEUCA;NEUCA SPÓŁKA AKCYJNA;GPW
PLNEWAG00012;NWG;NEWAG;NEWAG SPÓŁKA AKCYJNA;GPW
PLWDMCP00013;NXG;NEXITY;NEXITY GLOBAL SPÓŁKA AKCYJNA;GPW
LT0000131872;NTU;NOVATURAS;AB NOVATURAS;GPW
PLNFI0500012;NVG;NOVAVISGR;NOVAVIS GROUP SPÓŁKA AKCYJNA;GPW
PLNVITA00018;NVT;NOVITA;NOVITA SPÓŁKA AKCYJNA;GPW
PLECMNG00019;NTC;NTCAPITAL;NEW TECH CAPITAL SPÓŁKA AKCYJNA;GPW
PLNTSYS00013;NTT;NTTSYSTEM;NTT SYSTEM SPÓŁKA AKCYJNA;GPW
PLODLPL00013;ODL;ODLEWNIE;ODLEWNIE POLSKIE SPÓŁKA AKCYJNA;GPW
PLTELL000023;OEX;OEX;OEX SPÓŁKA AKCYJNA;GPW
PLONDE000018;OND;ONDE;ONDE SPÓŁKA AKCYJNA;GPW
PLSKTAN00010;ONO;ONESANO;ONESANO SPÓŁKA AKCYJNA;GPW
PLOPNPL00013;OPN;OPONEO.PL;OPONEO.PL SPÓŁKA AKCYJNA;GPW
PLOPTEM00012;OPM;OPTEAM;OPTEAM SPÓŁKA AKCYJNA;GPW
PLTLKPL00017;OPL;ORANGEPL;ORANGE POLSKA SPÓŁKA AKCYJNA;GPW
LU0122624777;OPG;ORCOGROUP;CPI FIM SA;GPW
PLORZBL00013;OBL;ORZBIALY;ORZEŁ BIAŁY SPÓŁKA AKCYJNA;GPW
PLODRTS00017;OTS;OTLOG;OT LOGISTICS SPÓŁKA AKCYJNA;GPW
PLZPCOT00018;OTM;OTMUCHOW;ZAKŁADY PRZEMYSŁU CUKIERNICZEGO OTMUCHÓW SPÓŁKA AKCYJNA;GPW
NL0009805613;OVO;OVOSTAR;OVOSTAR UNION N.V.;GPW
PLPANVA00013;NVA;PANOVA;P.A. NOVA SPÓŁKA AKCYJNA;GPW
PLPSSUS00018;PAS;PASSUS;PASSUS SPÓŁKA AKCYJNA;GPW
PLPTNTS00019;PAT;PATENTUS;PATENTUS SPÓŁKA AKCYJNA;GPW
PLPBG0000029;PBG;PBG;PBG SPÓŁKA AKCYJNA;GPW
PLBEFSN00010;PBF;PBSFINANSE;PBS FINANSE SPÓŁKA AKCYJNA;GPW
PLPCCEX00010;PCX;PCCEXOL;PCC EXOL SPÓŁKA AKCYJNA;GPW
PLPCCRK00076;PCR;PCCROKITA;PCC ROKITA SPÓŁKA AKCYJNA;GPW
PLPCFGR00010;PCF;PCFGROUP;PCF GROUP SPÓŁKA AKCYJNA;GPW
PLGUARD00019;PCG;PCGUARD;PC GUARD SPÓŁKA AKCYJNA;GPW
PLPKBEX00072;PBX;PEKABEX;POZNAŃSKA KORPORACJA BUDOWLANA PEKABEX SPÓŁKA AKCYJNA;GPW
PLPEKAO00016;PEO;PEKAO;BANK POLSKA KASA OPIEKI SPÓŁKA AKCYJNA;GPW
PLPLSEP00013;PEP;PEP;POLENERGIA SPÓŁKA AKCYJNA;GPW
NL0015000AU7;PCO;PEPCO;PEPCO GROUP N.V.;GPW
PLPEPES00018;PPS;PEPEES;PRZEDSIĘBIORSTWO PRZEMYSŁU SPOŻYWCZEGO PEPEES SPÓŁKA AKCYJNA;GPW
PLPGER000010;PGE;PGE;PGE POLSKA GRUPA ENERGETYCZNA SPÓŁKA AKCYJNA;GPW
PLZSTAL00012;PGV;PGFGROUP;PGF POLSKA GRUPA FOTOWOLTAICZNA SPÓŁKA AKCYJNA;GPW
PLPHRMN00011;PHR;PHARMENA;PHARMENA SPÓŁKA AKCYJNA;GPW
PLPHN0000014;PHN;PHN;POLSKI HOLDING NIERUCHOMOŚCI SPÓŁKA AKCYJNA;GPW
NL0010391108;PEN;PHOTON;PHOTON ENERGY N.V.;GPW
PLPROJP00018;PJP;PJPMAKRUM;PROJPRZEM MAKRUM SPÓŁKA AKCYJNA;GPW
PLPKN0000018;PKN;PKNORLEN;ORLEN SPÓŁKA AKCYJNA;GPW
PLPKO0000016;PKO;PKOBP;POWSZECHNA KASA OSZCZĘDNOŚCI BANK POLSKI SPÓŁKA AKCYJNA;GPW
PLPKPCR00011;PKP;PKPCARGO;PKP CARGO SPÓŁKA AKCYJNA;GPW
PLPLAYW00015;PLW;PLAYWAY;PLAYWAY SPÓŁKA AKCYJNA;GPW
NL0011882741;PLZ;PLAZACNTR;PLAZA CENTERS N.V.;GPW
PLPEKPL00010;PGM;PMPG;PMPG POLSKIE MEDIA SPÓŁKA AKCYJNA;GPW
PLZCPLC00036;PCE;POLICE;GRUPA AZOTY ZAKŁADY CHEMICZNE POLICE SPÓŁKA AKCYJNA;GPW
PLMSTSD00019;PXM;POLIMEXMS;POLIMEX - MOSTOSTAL SPÓŁKA AKCYJNA;GPW
PLPLTRG00038;PTG;POLTREG;POLTREG SPÓŁKA AKCYJNA;GPW
PLPOLWX00026;PWX;POLWAX;POLWAX SPÓŁKA AKCYJNA;GPW
PLPRGNK00017;PRI;PRAGMAINK;NPL NOVA SPÓŁKA AKCYJNA;GPW
PLPRMMD00012;PMA;PRIMAMODA;PRIMA MODA SPÓŁKA AKCYJNA;GPW
PLRKLMF00010;PRA;PRIME;PRIME ASI SPÓŁKA AKCYJNA;GPW
PLKOPEX00018;PTH;PRIMETECH;PRIMETECH SPÓŁKA AKCYJNA;GPW
PLPRCHM00014;PRM;PROCHEM;PROCHEM SPÓŁKA AKCYJNA;GPW
PLLZPSK00019;PRT;PROTEKTOR;PROTEKTOR SPÓŁKA AKCYJNA;GPW
PLZAPUL00057;ZAP;PULAWY;GRUPA AZOTY ZAKŁADY AZOTOWE PUŁAWY SPÓŁKA AKCYJNA;GPW
PLPRBLG00010;PUR;PURE;PURE BIOLOGICS SPÓŁKA AKCYJNA;GPW
PLPZU0000011;PZU;PZU;POWSZECHNY ZAKŁAD UBEZPIECZEŃ SPÓŁKA AKCYJNA;GPW
PLQNTUM00018;QNT;QUANTUM;QUANTUM SOFTWARE SPÓŁKA AKCYJNA;GPW
PLQRCUS00012;QRS;QUERCUS;QUERCUS TOWARZYSTWO FUNDUSZY INWESTYCYJNYCH SPÓŁKA AKCYJNA;GPW
PLIQPRT00017;RAE;RAEN;RAEN SPÓŁKA AKCYJNA;GPW
PLRAFAK00018;RFK;RAFAKO;RAFAKO SPÓŁKA AKCYJNA;GPW
PLRFMET00016;RAF;RAFAMET;FABRYKA OBRABIAREK RAFAMET SPÓŁKA AKCYJNA;GPW
PLRNBWT00031;RBW;RAINBOW;RAINBOW TOURS SPÓŁKA AKCYJNA;GPW
PLRNKPR00014;RNK;RANKPROGR;RANK PROGRESS SPÓŁKA AKCYJNA;GPW
PLKLNR000017;RWL;RAWLPLUG;RAWLPLUG SPÓŁKA AKCYJNA;GPW
PLREDAN00019;RDN;REDAN;REDAN SPÓŁKA AKCYJNA;GPW
PLPRNTC00017;REG;REGNON;REGNON SPÓŁKA AKCYJNA;GPW
SE0001856519;RHD;REINHOLD;REINHOLD EUROPE AB;GPW
PLWDM0000029;RNC;REINO;REINO CAPITAL SPÓŁKA AKCYJNA;GPW
PLRELPL00014;RLP;RELPOL;RELPOL SPÓŁKA AKCYJNA;GPW
PLREMAK00016;RMK;REMAK;PRZEDSIĘBIORSTWO MODERNIZACJI URZĄDZEŃ ENERGETYCZNYCH REMAK SPÓŁKA AKCYJNA;GPW
PLROPCE00017;RPC;ROPCZYCE;ZAKŁADY MAGNEZYTOWE ROPCZYCE SPÓŁKA AKCYJNA;GPW
PLSELVT00013;RVU;RYVU;RYVU THERAPEUTICS SPÓŁKA AKCYJNA;GPW
LU0564351582;SGR;SADOVAYA;SADOVAYA GROUP S.A.;GPW
PLSTLSK00016;SNK;SANOK;SANOK RUBBER COMPANY SPÓŁKA AKCYJNA;GPW
PLBZ00000044;SPL;SANPL;SANTANDER BANK POLSKA SPÓŁKA AKCYJNA;GPW
ES0113900J37;SAN;SANTANDER;BANCO SANTANDER S.A.;GPW
PLSANWL00012;SNW;SANWIL;SANWIL HOLDING SPÓŁKA AKCYJNA;GPW
PLADVPL00029;STS;SATIS;SATIS GROUP SPÓŁKA AKCYJNA;GPW
PLSCPFL00018;SCP;SCPFL;SCOPE FLUIDICS SPÓŁKA AKCYJNA;GPW
PLWRWCK00013;SWG;SECOGROUP;SECO/WARWICK SPÓŁKA AKCYJNA;GPW
PLSEKO000014;SEK;SEKO;SEKO SPÓŁKA AKCYJNA;GPW
PLSELNA00010;SEL;SELENAFM;SELENA FM SPÓŁKA AKCYJNA;GPW
PLSLVCR00029;SLV;SELVITA;SELVITA SPÓŁKA AKCYJNA;GPW
JE00BNNMKT29;SEN;SERINUS;SERINUS ENERGY PLC;GPW
PLSESCM00013;SES;SESCOM;SESCOM SPÓŁKA AKCYJNA;GPW
PLSFNKS00011;SFS;SFINKS;SFINKS POLSKA SPÓŁKA AKCYJNA;GPW
PLSHPR000021;SHO;SHOPER;SHOPER SPÓŁKA AKCYJNA;GPW
USU827061099;SVRS;SILVAIR-REGS;SILVAIR, INC.;GPW
EE3100001751;SFG;SILVANO;AS SILVANO FASHION GROUP;GPW
PLSMFBC00016;SIM;SIMFABRIC;SIMFABRIC SPÓŁKA AKCYJNA;GPW
PLSKRBH00014;SKH;SKARBIEC;SKARBIEC HOLDING SPÓLKA AKCYJNA;GPW
PLSKLNW00011;SKL;SKYLINE;SKYLINE INVESTMENT SPÓŁKA AKCYJNA;GPW
PLSNZKA00033;SKA;SNIEZKA;FABRYKA FARB I LAKIERÓW ŚNIEŻKA SPÓŁKA AKCYJNA;GPW
PLBMDLB00018;SVE;SNTVERSE;SYNTHAVERSE SPÓŁKA AKCYJNA;GPW
PLNFI0400015;SHD;SOHODEV;SOHO DEVELOPMENT SPÓŁKA AKCYJNA;GPW
PLSLRCP00021;SOL;SOLAR;SOLAR COMPANY SPÓŁKA AKCYJNA;GPW
PLSONEL00011;SON;SONEL;SONEL SPÓŁKA AKCYJNA;GPW
BG11SOSOBT18;SPH;SOPHARMA;SOPHARMA AD;GPW
PLSPRSF00011;SPR;SPYROSOFT;SPYROSOFT SPÓŁKA AKCYJNA;GPW
PLSTLEX00019;STX;STALEXP;STALEXPORT AUTOSTRADY SPÓŁKA AKCYJNA;GPW
PLSTLPD00017;STP;STALPROD;STALPRODUKT SPÓŁKA AKCYJNA;GPW
PLSTLPF00012;STF;STALPROFI;STALPROFIL SPÓŁKA AKCYJNA;GPW
PLSTPRK00019;ZUK;STAPORKOW;ZAKŁADY URZĄDZEŃ KOTŁOWYCH STĄPORKÓW SPÓŁKA AKCYJNA;GPW
PLHRDEX00021;SHG;STARHEDGE;STARHEDGE SPÓŁKA AKCYJNA;GPW
PLSTSHL00012;STH;STSHOLDING;STS HOLDING SPÓŁKA AKCYJNA;GPW
PLSUNEX00013;SNX;SUNEX;SUNEX SPÓŁKA AKCYJNA;GPW
PLCMPLD00016;SGN;SYGNITY;SYGNITY SPÓŁKA AKCYJNA;GPW
PLSNKTK00019;SNT;SYNEKTIK;SYNEKTIK SPÓŁKA AKCYJNA;GPW
PLTALEX00017;TLX;TALEX;TALEX SPÓŁKA AKCYJNA;GPW
PLTRCZN00016;TAR;TARCZYNSKI;TARCZYŃSKI SPÓŁKA AKCYJNA;GPW
SK1120010287;TMR;TATRY;TATRY MOUNTAIN RESORTS. A.S.;GPW
PLTAURN00011;TPE;TAURONPE;TAURON POLSKA ENERGIA SPÓŁKA AKCYJNA;GPW
PLTBULL00024;TBL;TBULL;T-BULL SPÓŁKA AKCYJNA;GPW
PLTNDRH00012;THG;TENDERHUT;TENDERHUT SPÓŁKA AKCYJNA;GPW
PLTRMRX00011;TRR;TERMOREX;TERMO-REX SPÓŁKA AKCYJNA;GPW
PLTSGS000019;TSG;TESGAS;TESGAS SPÓŁKA AKCYJNA;GPW
PLLVTSF00010;TXT;TEXT;TEXT SPÓŁKA AKCYJNA;GPW
PLTIM0000016;TIM;TIM;TIM SPÓŁKA AKCYJNA;GPW
PLTORPL00016;TOR;TORPOL;TORPOL SPÓŁKA AKCYJNA;GPW
PLTWRNV00013;TOW;TOWERINVT;TOWER INVESTMENTS SPÓŁKA AKCYJNA;GPW
PLTOYA000011;TOA;TOYA;TOYA SPÓŁKA AKCYJNA;GPW
PLTRKPL00014;TRK;TRAKCJA;TRAKCJA SPÓŁKA AKCYJNA;GPW
PLTRNSP00013;TRN;TRANSPOL;TRANS POLONIA SPÓŁKA AKCYJNA;GPW
PLASMOT00030;TRI;TRITON;TRITON DEVELOPMENT SPÓŁKA AKCYJNA;GPW
PLTSQGM00016;TEN;TSGAMES;TEN SQUARE GAMES SPÓŁKA AKCYJNA;GPW
PLBAUMA00017;ULM;ULMA;ULMA CONSTRUCCION POLSKA SPÓŁKA AKCYJNA;GPW
PLULTGM00013;ULG;ULTGAMES;ULTIMATE GAMES SPÓŁKA AKCYJNA;GPW
PLVNTIN00011;UNF;UNFOLD;UNFOLD.VC ASI SPÓŁKA AKCYJNA;GPW
PLUNBEP00015;UNI;UNIBEP;UNIBEP SPÓŁKA AKCYJNA;GPW
IT0005239360;UCG;UNICREDIT;UNICREDIT S.P.A.;GPW
PLUNMOT00013;UNT;UNIMOT;UNIMOT SPÓŁKA AKCYJNA;GPW
PLURTST00010;URT;URTESTE;URTESTE SPÓŁKA AKCYJNA;GPW
PLVRCM000016;VRC;VERCOM;VERCOM SPÓŁKA AKCYJNA;GPW
PLVIGOS00015;VGO;VIGOPHOTN;VIGO PHOTONICS SPÓŁKA AKCYJNA;GPW
PLVNDEX00013;VIN;VINDEXUS;GIEŁDA PRAW MAJĄTKOWYCH VINDEXUS SPÓŁKA AKCYJNA;GPW
PLVTLGD00010;VTL;VISTAL;VISTAL GDYNIA SPÓŁKA AKCYJNA;GPW
PLVVDGM00014;VVD;VIVID;VIVID GAMES SPÓŁKA AKCYJNA;GPW
PLVOTUM00016;VOT;VOTUM;VOTUM SPÓŁKA AKCYJNA;GPW
PLVOXEL00014;VOX;VOXEL;VOXEL SPÓŁKA AKCYJNA;GPW
PLVSTLA00011;VRG;VRG;VISTULA RETAIL GROUP SPÓŁKA AKCYJNA;GPW
AT0000827209;WXF;WARIMPEX;WARIMPEX FINANZ- UND BETEILIGUNGS AG;GPW
PLHOGA000041;WAS;WASKO;WASKO SPÓŁKA AKCYJNA;GPW
PLWAWEL00013;WWL;WAWEL;WAWEL SPÓŁKA AKCYJNA;GPW
PLWELTN00012;WLT;WIELTON;WIELTON SPÓŁKA AKCYJNA;GPW
PLELPO000016;WIK;WIKANA;WIKANA SPÓŁKA AKCYJNA;GPW
PLARIEL00046;WIS;WINVEST;BALTIC BRIDGE SPÓŁKA AKCYJNA;GPW
PLWRTPL00027;WPL;WIRTUALNA;WIRTUALNA POLSKA HOLDING SPÓŁKA AKCYJNA;GPW
PLWTCHN00030;WTN;WITTCHEN;WITTCHEN SPÓŁKA AKCYJNA;GPW
PLWOJAS00014;WOJ;WOJAS;WOJAS SPÓŁKA AKCYJNA;GPW
PLXPLUS00013;XPL;XPLUS;XPLUS SPÓŁKA AKCYJNA;GPW
PLXTRDM00011;XTB;XTB;X-TRADE BROKERS DOM MAKLERSKI SPÓŁKA AKCYJNA;GPW
PLXTPL000018;XTP;XTPL;XTPL SPÓŁKA AKCYJNA;GPW
PLUNMST00014;YRL;YARRL;UNIMA 2000 SYSTEMY TELEINFORMATYCZNE SPÓŁKA AKCYJNA;GPW
PLPRESC00018;YOL;YOLO;YOLO SPÓŁKA AKCYJNA;GPW
LU2910446546;ZAB;ZABKA;ZABKA GROUP SOCIÉTÉ ANONYME;GPW
PLZAMET00010;ZMT;ZAMET;ZAMET INDUSTRY SPÓŁKA AKCYJNA;GPW
PLZEPAK00012;ZEP;ZEPAK;ZESPÓŁ ELEKTROWNI PĄTNÓW-ADAMÓW-KONIN SPÓŁKA AKCYJNA;GPW
PLZBMZC00019;ZRE;ZREMB;ZAKŁAD BUDOWY MASZYN ZREMB-CHOJNICE SPÓŁKA AKCYJNA;GPW
PLZUE0000015;ZUE;ZUE;ZUE SPÓŁKA AKCYJNA;GPW
PLONESL00011;ONE;1SOLUTION;ONE SOLUTION SPÓŁKA AKCYJNA;NewConnect
PL4MASS00011;4MS;4MASS;4MASS SPÓŁKA AKCYJNA;NewConnect
PLESLTN00010;4MB;4MOBILITY;4MOBILITY SPÓŁKA AKCYJNA;NewConnect
PLTRCPS00016;7FT;7FIT;7FIT SPÓŁKA AKCYJNA;NewConnect
PL7LVLS00017;7LV;7LEVELS;7LEVELS SPÓŁKA AKCYJNA;NewConnect
PLMIDVN00017;AAS;AALLIANCE;ARTS ALLIANCE GK SPÓŁKA AKCYJNA;NewConnect
PLABAK000013;ABK;ABAK;ABAK SPÓŁKA AKCYJNA;NewConnect
PLPIK0000018;ADX;ADATEX;ADATEX DEWELOPER SPÓŁKA AKCYJNA;NewConnect
PLADMSC00013;AVE;ADVERTIGO;ADVERTIGO SPÓŁKA AKCYJNA;NewConnect
GB00B42V2T10;AER;AERFINANC;HYDROPRESS SE;NewConnect
PLMNTHL00016;AFH;AFHOL;AFORTI HOLDING SPÓŁKA AKCYJNA;NewConnect
CY0101452114;AGL;AGROLIGA;AGROLIGA GROUP PLC;NewConnect
PLAGRMP00010;AGP;AGROMEP;AGROMEP SPÓŁKA AKCYJNA;NewConnect
PLATCDL00013;AIT;AITON;AITON CALDWELL SPÓŁKA AKCYJNA;NewConnect
PLAKCFN00013;AFC;AKCEPTFIN;AKCEPT FINANCE SPÓŁKA AKCYJNA;NewConnect
PLDNMPT00016;AME;AMESA;ADVANCED MEDICAL EQUIPMENT SPÓŁKA AKCYJNA;NewConnect
PLONLIN00013;AOL;ANALIZY;ANALIZY ONLINE SPÓŁKA AKCYJNA;NewConnect
PLAPANT00017;APA;APANET;APANET SPÓŁKA AKCYJNA;NewConnect
PLHMSG000019;ASA;APIS;APIS SPÓŁKA AKCYJNA;NewConnect
PLBIOMD00017;APC;APOLLO;APOLLO CAPITAL ASI SPÓŁKA AKCYJNA;NewConnect
PLPOMST00012;APS;APS;AUTOMATYKA-POMIARY-STEROWANIE SPÓŁKA AKCYJNA;NewConnect
PLAQUA000014;AQU;AQUABB;AQUA SPÓŁKA AKCYJNA W BIELSKU-BIAŁEJ;NewConnect
PLAQA0000014;AQA;AQUAPOZ;AQUA SPÓŁKA AKCYJNA W POZNANIU;NewConnect
PLAQTCH00013;AQT;AQUATECH;AQUATECH SPÓŁKA AKCYJNA;NewConnect
PLAGRIN00013;ARI;ARI;AGENCJA ROZWOJU INNOWACJI SPÓLKA AKCYJNA;NewConnect
PLARTGS00019;ARG;ARTGAMES;ART GAMES STUDIO SPÓŁKA AKCYJNA;NewConnect
PLASTRO00013;ASR;ASTRO;ASTRO SPÓŁKA AKCYJNA;NewConnect
PLATCRG00013;ATA;ATCCARGO;ATC CARGO SPÓŁKA AKCYJNA;NewConnect
PLATMCJ00018;ATJ;ATOMJELLY;ATOMIC JELLY SPÓŁKA AKCYJNA;NewConnect
PLATNHT00014;ATO;ATONHT;ATON-HT SPÓŁKA AKCYJNA;NewConnect
PLAXILA00018;AUX;AUXILIA;AUXILIA SPÓŁKA AKCYJNA;NewConnect
PLAZTEC00011;AZC;AZTEC;AZTEC INTERNATIONAL SPÓŁKA AKCYJNA;NewConnect
PLBCT0000020;BAC;BACT;B-ACT SPÓŁKA AKCYJNA;NewConnect
PLBLT0000013;BLT;BALTICON;BALTICON SPÓŁKA AKCYJNA;NewConnect
PLBSG0000023;BIG;BASEIG;BASEIG SPÓŁKA AKCYJNA;NewConnect
PLA346500012;BEE;BEEIN;BEEIN SPÓŁKA AKCYJNA;NewConnect
PLBLTXG00010;BLF;BELEAF;BELEAF SPÓŁKA AKCYJNA;NewConnect
PLSLKAM00019;BRH;BERGHOLDI;BERG HOLDING SPÓŁKA AKCYJNA;NewConnect
PLBNRHL00013;BHX;BINARY;BINARY HELIX SPÓŁKA AKCYJNA;NewConnect
PLBIORG00019;BER;BIOERG;BIOERG SPÓŁKA AKCYJNA;NewConnect
PLBFCTR00013;BFC;BIOFACTOR;BIOFACTORY SPÓŁKA AKCYJNA;NewConnect
PLBIOGN00018;BGD;BIOGENED;BIOGENED SPÓŁKA AKCYJNA;NewConnect
PLBMSEP00011;BEP;BIOMASS;BIOMASS ENERGY PROJECT SPÓŁKA AKCYJNA;NewConnect
PLBZTKN00013;BTK;BIZTECH;BIZTECH KONSULTING SPÓŁKA AKCYJNA;NewConnect
PLBKDGM00019;BKD;BKDGAMES;BAKED GAMES SPÓŁKA AKCYJNA;NewConnect
PLBLKPT00018;BPN;BLACKPOIN;BLACK POINT SPÓŁKA AKCYJNA;NewConnect
PLBLRSP00015;BRP;BLACKROSE;BLACK ROSE PROJECTS SPÓŁKA AKCYJNA;NewConnect
PLBLOBR00014;BLO;BLOOBER;BLOOBER TEAM SPÓŁKA AKCYJNA;NewConnect
PLBLKPC00014;BPC;BPC;BLACK PEARL SPÓŁKA AKCYJNA;NewConnect
PLBRNSN00016;BSN;BRAINSCAN;BRAINSCAN SPÓŁKA AKCYJNA;NewConnect
PLINVNT00011;BSA;BRAS;BRAS SPÓŁKA AKCYJNA;NewConnect
PLBRSLH00012;BSH;BSH;BRIDGE SOLUTIONS HUB SPÓŁKA AKCYJNA;NewConnect
PLVKMTK00015;BTF;BTCS;BTCS SPÓŁKA AKCYJNA;NewConnect
PLDMNMN00016;BTC;BTCSTUDIO;BTC STUDIOS SPÓŁKA AKCYJNA;NewConnect
PLBLOCM00013;CBD;CANNABIS;CANNABIS POLAND SPÓŁKA AKCYJNA;NewConnect
PLCRBST00016;CRB;CARBONSTU;CARBON STUDIO SPÓŁKA AKCYJNA;NewConnect
PLHOTB000011;CAI;CARLSON;CARLSON INVESTMENTS SPÓŁKA AKCYJNA;NewConnect
PLCCS0000012;CCS;CCS;CYFROWE CENTRUM SERWISOWE SPÓŁKA AKCYJNA;NewConnect
PLCDA0000018;CDA;CDA;CDA SPÓŁKA AKCYJNA;NewConnect
CY0103021610;CRP;CEREALPLT;CEREAL PLANET PLC;NewConnect
PLCRFRG00016;CFG;CFG;CREATIVEFORGE GAMES SPÓŁKA AKCYJNA;NewConnect
PLCFBPS00019;CFS;CFSA;CENTRUM FINANSOWE SPÓŁKA AKCYJNA;NewConnect
PLCHRPK00018;CHP;CHERRY;CHERRYPICK GAMES SPÓŁKA AKCYJNA;NewConnect
PLCMINT00013;CMI;CMI;CM INTERNATIONAL SPÓŁKA AKCYJNA;NewConnect
PLCOMEC00016;CMC;COMECO;COMECO SPÓŁKA AKCYJNA;NewConnect
PLCNSLB00012;CLA;CONSOLE;CONSOLE LABS SPÓŁKA AKCYJNA;NewConnect
PLCNSLW00018;CWA;CONSOLEW;CONSOLEWAY SPÓŁKA AKCYJNA;NewConnect
PLCNSTC00013;CCR;CONSTANCE;CONSTANCE CARE SPÓŁKA AKCYJNA;NewConnect
PLCPRSC00012;CRS;COPERNIC;COPERNICUS SECURITIES SPÓŁKA AKCYJNA;NewConnect
PLTRMPR00017;COR;COREY;COREY EUROPE SPÓŁKA AKCYJNA;NewConnect
PLVBN0000015;COS;COSMA;COSMA GROUP SPÓŁKA AKCYJNA;NewConnect
PLCSTR000014;CST;CSTORE;CSTORE SPÓŁKA AKCYJNA;NewConnect
PLLRPSP00015;CTE;CTEGROUP;CTE GROUP SPÓŁKA AKCYJNA;NewConnect
PLBRWRG00013;BRO;CZARNKOW;BROWAR GONTYNIEC SPÓŁKA AKCYJNA;NewConnect
PLDANKS00014;DNS;DANKS;DANKS EUROPEJSKIE CENTRUM DORADZTWA PODATKOWEGO SPÓŁKA AKCYJNA;NewConnect
PLDRPGM00048;DPG;DARKPOINT;DARK POINT GAMES SPÓŁKA AKCYJNA;NewConnect
PLIFN4L00018;DDI;DDISTANCE;DRAW DISTANCE SPÓŁKA AKCYJNA;NewConnect
PLKLBTR00014;DFH;DEFENCEH;DEFENCE.HUB SPÓŁKA AKCYJNA;NewConnect
PLDKTRA00013;DKR;DEKTRA;DEKTRA SPÓŁKA AKCYJNA;NewConnect
PLDMLGM00014;DGS;DEMGAMES;DEMOLISH GAMES SPÓŁKA AKCYJNA;NewConnect
PLDGNET00012;DGN;DGNET;DG-NET SPÓŁKA AKCYJNA;NewConnect
PLFTPRF00016;DTX;DITIX;DITIX SPÓŁKA AKCYJNA;NewConnect
PLGTRNT00010;DIV;DIVOLIO;DI VOLIO SPÓŁKA AKCYJNA;NewConnect
PLDRGGM00013;DRG;DRAGEUS;DRAGEUS GAMES SPÓŁKA AKCYJNA;NewConnect
PLDRD2400010;DRF;DRFINANCE;DR.FINANCE SPÓŁKA AKCYJNA;NewConnect
PLDLITY00010;DUA;DUALITY;DUALITY SPÓŁKA AKCYJNA;NewConnect
PLESCLL00010;ECL;EASYCALL;EASYCALL.PL SPÓŁKA AKCYJNA;NewConnect
PLECCGM00012;ECC;ECCGAMES;ECC GAMES SPÓŁKA AKCYJNA;NewConnect
PLACRTS00018;ECN;ECNOLOGY;ECNOLOGY GROUP SPÓŁKA AKCYJNA;NewConnect
PLEC5TH00024;ECT;ECO5TECH;ECO5TECH SPÓŁKA AKCYJNA;NewConnect
PLEDSON00018;EDL;EDITELPL;EDITEL POLSKA SPÓŁKA AKCYJNA;NewConnect
PLINTRW00028;EFE;EFENERGII;EUROPEJSKI FUNDUSZ ENERGII SPÓŁKA AKCYJNA;NewConnect
PLEKOSK00019;EKS;EKIOSK;E-KIOSK SPÓŁKA AKCYJNA;NewConnect
PLBBCLS00017;EEE;EKIPA;EKIPA HOLDING SPÓŁKA AKCYJNA;NewConnect
PLEKOBX00018;EBX;EKOBOX;EKOBOX SPÓŁKA AKCYJNA;NewConnect
PLDNTMD00012;EKE;EKOOZE;EKO-OZE SPÓŁKA AKCYJNA;NewConnect
PLPRIPK00018;EPR;EKOPARK;PRZEDSIĘBIORSTWO ROBÓT INSTALACYJNYCH EKOPARK SPÓŁKA AKCYJNA;NewConnect
PLEKPLG00019;EGH;EKOPOL;EKOPOL GÓRNOŚLĄSKI HOLDING SPÓŁKA AKCYJNA;NewConnect
PLIPOSA00010;ELQ;ELQ;ELQ SPÓŁKA AKCYJNA;NewConnect
PLEKTRM00016;ELM;EMONT;CARBON GROUP SPÓŁKA AKCYJNA;NewConnect
PLEMPCT00017;EMP;EMPLOCITY;EMPLOCITY SPÓŁKA AKCYJNA;NewConnect
PLHDRGM00011;END;ENEIDA;ENEIDA GAMES SPÓŁKA AKCYJNA;NewConnect
PLVGUAR00011;EGY;ENERGY;ENERGY SPÓŁKA AKCYJNA;NewConnect
PLEONTW00016;EON;EONET;EO NETWORKS SPÓŁKA AKCYJNA;NewConnect
PLPBLIA00012;ERA;ERATONRG;ERATO ENERGY ALTERNATYWNA SPÓŁKA AKCYJNA;NewConnect
PLESKMS00016;ESK;ESKIMOS;ESKIMOS SPÓŁKA AKCYJNA;NewConnect
PLERSNK00016;ECK;EUROSNACK;EUROSNACK SPÓŁKA AKCYJNA;NewConnect
PLEURTX00012;ETX;EUROTAX;EURO-TAX.PL SPÓŁKA AKCYJNA;NewConnect
PLEXMBL00010;EXA;EXAMOBILE;EXAMOBILE SPÓŁKA AKCYJNA;NewConnect
PLEXCLN00016;EXC;EXCELLENC;EXCELLENCE SPÓŁKA AKCYJNA;NewConnect
PLEXIM000013;EXM;EXIMIT;E-XIM IT SPÓŁKA AKCYJNA;NewConnect
PLFKDRW00016;FKD;FABRYKAKD;FABRYKA KONSTRUKCJI DREWNIANYCH SPÓŁKA AKCYJNA;NewConnect
PLEENRG00014;FLG;FALCON;FALCON GAMES SPÓŁKA AKCYJNA;NewConnect
PLFRMGR00015;F51;FARM51;THE FARM 51 GROUP SPÓŁKA AKCYJNA;NewConnect
PLGTRMP00010;FFP;FARMYFO;FARMY FOTOWOLTAIKI POLSKA SPÓŁKA AKCYJNA;NewConnect
PLSMSKH00019;FEM;FEMTECH;FEMION TECHNOLOGY SPÓŁKA AKCYJNA;NewConnect
PLFHDOM00010;FHD;FHDOM;FUNDUSZ HIPOTECZNY DOM SPÓŁKA AKCYJNA;NewConnect
PLGPPIK00011;FIG;FIGENE;FIGENE CAPITAL SPÓŁKA AKCYJNA;NewConnect
PLJRSDB00015;FTH;FINTECH;FINTECH SPÓŁKA AKCYJNA;NewConnect
PLTLCMD00018;FTL;FOOTHILLS;FOOTHILLS SPÓŁKA AKCYJNA;NewConnect
PLBETMX00013;FRB;FORBUILD;FORBUILD SPÓŁKA AKCYJNA;NewConnect
PLFRENT00014;FOR;FOREVEREN;FOREVER ENTERTAINMENT SPÓŁKA AKCYJNA;NewConnect
PLFRPST00019;FPO;FORPOSTA;FORPOSTA SPÓŁKA AKCYJNA;NewConnect
PLINVFM00012;FVE;FOTOVOLT;FOTO VOLT EKO ENERGIA SPÓŁKA AKCYJNA;NewConnect
PLFRMND00011;FRM;FREEMIND;FREEMIND SPÓŁKA AKCYJNA;NewConnect
PLFRZNW00013;FRW;FROZENWAY;FROZEN WAY SPÓŁKA AKCYJNA;NewConnect
PLGALVO00017;GAL;GALVO;GALVO SPÓŁKA AKCYJNA;NewConnect
PLINSTC00010;GDC;GAMEDUST;GAMEDUST SPÓŁKA AKCYJNA;NewConnect
PLGMHTS00015;GHT;GAMEHUNT;GAMEHUNTERS SPÓŁKA AKCYJNA;NewConnect
PLGMV0000016;GMV;GAMIVO;GAMIVO SPÓŁKA AKCYJNA;NewConnect
PLABNET00019;GAR;GARIN;GARIN SPÓŁKA AKCYJNA;NewConnect
PLGDVS000012;GDS;GDEVS;G-DEVS SPÓŁKA AKCYJNA;NewConnect
PLGNOMD00024;GEN;GENOMED;GENOMED SPÓŁKA AKCYJNA;NewConnect
PLELKPE00014;GNG;GENRG;G-ENERGY SPÓŁKA AKCYJNA;NewConnect
PLGENXN00013;GX1;GENXONE;GENXONE SPÓŁKA AKCYJNA;NewConnect
PLGEOTR00010;GTS;GEOTRANS;GEOTRANS SPÓŁKA AKCYJNA;NewConnect
PLTLVPL00014;GHY;GHYDROGEN;GLOBAL HYDROGEN SPÓŁKA AKCYJNA;NewConnect
PLGKS0000016;GKS;GKSKAT;GKS GIEKSA KATOWICE SPÓŁKA AKCYJNA;NewConnect
PLGOLAB00019;GOL;GOLAB;GOLAB SPÓŁKA AKCYJNA;NewConnect
PLGOTFI00016;GTF;GOTFI;GO TOWARZYSTWO FUNDUSZY INWESTYCYJNYCH SPÓŁKA AKCYJNA;NewConnect
PLGVNLT00019;GOV;GOVENA;GOVENA LIGHTING SPÓŁKA AKCYJNA;NewConnect
PLDBBGR00017;GRE;GREENENER;MVA GREEN ENERGY SPÓŁKA AKCYJNA;NewConnect
PLGRNLS00027;GRL;GREENLANE;GREEN LANES SPÓŁKA AKCYJNA;NewConnect
PLGRNZB00015;GRZ;GREENZEB;GREEN ZEBRAS SPÓŁKA AKCYJNA;NewConnect
PLGRMPC00016;GRM;GREMPCO;GREMPCO SPÓŁKA AKCYJNA;NewConnect
PLGRMID00019;GME;GRMEDIA;GREMI MEDIA SPÓŁKA AKCYJNA;NewConnect
PLGRHRC00012;HRC;GRUPAHRC;GRUPA HRC SPÓŁKA AKCYJNA;NewConnect
PLINFSC00019;GMZ;GRUPAMZ;GRUPA MODNE ZAKUPY SPÓŁKA AKCYJNA;NewConnect
PLRCKL000010;GRC;GRUPAREC;GRUPA RECYKL SPÓŁKA AKCYJNA;NewConnect
PLLSNRN00015;MRH;HAMBURGER;MR HAMBURGER SPÓŁKA AKCYJNA;NewConnect
PLEBCSL00011;HMP;HEMP;HEMP & HEALTH SPÓŁKA AKCYJNA;NewConnect
PLADVGP00011;HER;HILANDER;HIGHLANDER ENTERPRISE SPÓŁKA AKCYJNA;NewConnect
PLCRBON00018;HPE;HIPOWERSA;HIPOWER ENERGY SPÓŁKA AKCYJNA;NewConnect
PLHPRMN00037;HPM;HIPROMINE;HIPROMINE INSTRUMENTS SPÓŁKA AKCYJNA;NewConnect
PLMAXMS00010;HPG;HONEYPAY;HONEY PAYMENT GROUP SPÓŁKA AKCYJNA;NewConnect
PLMBLPR00018;HRL;HORNIGOLD;HORNIGOLD REIT SPÓŁKA AKCYJNA;NewConnect
PLHRTIC00014;HOR;HORTICO;HORTICO SPÓŁKA AKCYJNA;NewConnect
PLBRTZM00010;HUB;HUBTECH;HUB.TECH SPÓŁKA AKCYJNA;NewConnect
PLHRTIM00013;HRT;HURTIMEX;HURTIMEX SPÓŁKA AKCYJNA;NewConnect
PLHDRAP00017;HPS;HYDRAPRES;HYDRAPRES SPÓŁKA AKCYJNA;NewConnect
PLINNGN00015;HEN;HYENERGY;HYENERGY SPÓŁKA AKCYJNA;NewConnect
PLIBCPL00018;IBC;IBCPOLSKA;IBC POLSKA F&P SPÓŁKA AKCYJNA;NewConnect
PLDGTAV00013;ICG;ICECODE;ICE CODE GAMES SPÓŁKA AKCYJNA;NewConnect
BG1100018057;ICD;ICPD;INTERCAPITAL PROPERTY DEVELOPMENT ADSIC;NewConnect
PLICI0000010;IDH;IDH;IDH SPÓŁKA AKCYJNA;NewConnect
PLIGRTR00014;IGT;IGORIA;IGORIA TRADE SPÓŁKA AKCYJNA;NewConnect
PLIMGPW00013;IPW;IMAGEPWR;IMAGE POWER SPÓŁKA AKCYJNA;NewConnect
PLIMRGM00010;IMG;IMMGAMES;IMMERSION GAMES SPÓŁKA AKCYJNA;NewConnect
PLINCNA00011;ICA;INCANA;INCANA SPÓŁKA AKCYJNA;NewConnect
PLA295700027;IVO;INCUVO;INCUVO SPÓŁKA AKCYJNA;NewConnect
PLINDOS00035;INS;INDOS;INDOS SPÓŁKA AKCYJNA;NewConnect
PLINFRA00015;IFA;INFRA;INFRA SPÓŁKA AKCYJNA;NewConnect
PLINSPR00016;ISD;INSIDPARK;INSIDE PARK SPÓŁKA AKCYJNA;NewConnect
PLINTNT00015;INT;INTERNITY;INTERNITY SPÓŁKA AKCYJNA;NewConnect
PLTLPKA00010;IMR;INTM;INTERMARUM SPÓŁKA AKCYJNA;NewConnect
PLCDE0000010;INM;INVENTION;INVENTIONMED SPÓŁKA AKCYJNA;NewConnect
PLIVSTK00016;IVE;INVESTEKO;INVESTEKO SPÓŁKA AKCYJNA;NewConnect
PLA319800019;IWS;IRONWOLF;IRON WOLF STUDIO SPÓŁKA AKCYJNA;NewConnect
PLINTUN00013;IUS;IU;INTERNET UNION SPÓŁKA AKCYJNA;NewConnect
PLPYLON00015;JRC;JRCGROUP;JRC GROUP SPÓŁKA AKCYJNA;NewConnect
PLJRINV00013;JRH;JRHOLDING;JR HOLDING ASI SPÓŁKA AKCYJNA;NewConnect
PLJJBEE00028;JJB;JUJUBEE;JUJUBEE SPÓŁKA AKCYJNA;NewConnect
PLKPWEC00015;KPI;KANCELWEC;KANCELARIA PRAWNA - INKASO WEC SPÓŁKA AKCYJNA;NewConnect
PLKBJ0000016;KBJ;KBJ;KBJ SPÓŁKA AKCYJNA;NewConnect
PLMRTIN00011;KLE;KLEPSYDRA;GRUPA KLEPSYDRA SPÓŁKA AKCYJNA;NewConnect
PLKLON000010;KLN;KLON;KLON SPÓŁKA AKCYJNA;NewConnect
PLMDIUS00018;KME;KME;KANCELARIA MEDIUS SPÓŁKA AKCYJNA;NewConnect
PLKLJKW00024;KLK;KOLEJKOWO;KOLEJKOWO SPÓŁKA AKCYJNA;NewConnect
PLKL2PL00014;K2P;KOOL2PLAY;KOOL2PLAY SPÓŁKA AKCYJNA;NewConnect
PLKRBNK00019;KOR;KORBANK;KORBANK SPÓŁKA AKCYJNA;NewConnect
PLKBT0000015;KUB;KUBOTA;KUBOTA SPÓŁKA AKCYJNA;NewConnect
PLKUPIC00010;KPC;KUPIEC;KUPIEC SPÓŁKA AKCYJNA;NewConnect
PLCCTLS00017;LCN;LABOCANNA;LABOCANNA SPÓŁKA AKCYJNA;NewConnect
PLLGIMI00029;LEG;LEGIMI;LEGIMI SPÓŁKA AKCYJNA;NewConnect
PLGDVIS00018;LET;LETUS;LETUS CAPITAL SPÓŁKA AKCYJNA;NewConnect
PLBVTSA00012;LXB;LEXBONO;BVT SPÓŁKA AKCYJNA;NewConnect
PLLGNTD00017;LGT;LGTRADE;LOGINTRADE SPÓŁKA AKCYJNA;NewConnect
PLLCHND00029;LHD;LICHTHUND;LICHTHUND SPÓŁKA AKCYJNA;NewConnect
PLLVMGM00016;LMG;LMGAMES;LIVE MOTION GAMES SPÓŁKA AKCYJNA;NewConnect
PLFBRD000018;LBD;LOKATYBUD;LOKATY BUDOWLANE SPÓŁKA AKCYJNA;NewConnect
PLLNTRG00017;LTM;LTGAMES;LONGTERM GAMES SPÓŁKA AKCYJNA;NewConnect
PLARTBM00013;LUD;LUDUS;LUDUS SPÓŁKA AKCYJNA;NewConnect
PLLUG0000010;LUG;LUG;LUG SPÓŁKA AKCYJNA;NewConnect
PLSAP0000018;LUK;LUKARDI;LUKARDI SPÓŁKA AKCYJNA;NewConnect
PLACKRM00010;LUO;LUON;LUON SPÓŁKA AKCYJNA;NewConnect
PLM4B0000017;M4B;M4B;M4B SPÓŁKA AKCYJNA;NewConnect
PLMADKM00019;MAD;MADKOM;MADKOM SPÓŁKA AKCYJNA;NewConnect
PLA346100011;MMS;MADMIND;MADMIND STUDIO SPÓŁKA AKCYJNA;NewConnect
PLMNCGS00019;MGS;MADNETIC;MADNETIC GAMES SPÓŁKA AKCYJNA;NewConnect
PLMKLAB00023;MLB;MAKOLAB;MAKOLAB SPÓŁKA AKCYJNA;NewConnect
PLMARKA00014;MRK;MARKA;MARKA SPÓŁKA AKCYJNA;NewConnect
PLMXPZZ00015;MXP;MAXIPIZZA;MAXIPIZZA SPÓŁKA AKCYJNA;NewConnect
PLMZPGR00025;MAZ;MAZOP;MAZOP GROUP SPÓŁKA AKCYJNA;NewConnect
PLMBFCR00018;MBF;MBFGROUP;MBF GROUP SPÓŁKA AKCYJNA;NewConnect
PLYLWHT00012;MDA;MEDAPP;MEDAPP SPÓŁKA AKCYJNA;NewConnect
PLVENIT00010;MRD;MEDARD;MEDARD SPÓŁKA AKCYJNA;NewConnect
PLTCHPR00019;MDP;MEDCAMP;MEDCAMP SPÓŁKA AKCYJNA;NewConnect
PLINBOK00010;MDB;MEDICOBIO;MEDICOFARMA BIOTECH SPÓŁKA AKCYJNA;NewConnect
PLCCHT000014;MDT;MEDTECH;MEDTECH SOLUTIONS SPÓŁKA AKCYJNA;NewConnect
PLMGPLS00015;MPS;MEGAPIXEL;MEGAPIXEL STUDIO SPÓŁKA AKCYJNA;NewConnect
PLGRMNK00014;MNS;MENNICASK;MENNICA SKARBOWA SPÓŁKA AKCYJNA;NewConnect
PLMNTZN00014;XDD;MENTZEN;MENTZEN SPÓŁKA AKCYJNA;NewConnect
PLMERA000019;MER;MERA;MERA SPÓŁKA AKCYJNA;NewConnect
PLADMSV00013;MRG;MERLINGRP;MERLIN GROUP SPÓŁKA AKCYJNA;NewConnect
PLMDVLP00016;MFD;MFOOD;M FOOD SPÓŁKA AKCYJNA;NewConnect
USU6005B1045;MMD;MILESTONE;MILESTONE MEDICAL. INC.;NewConnect
PL2INTC00018;MLM;MILISYS;MILISYSTEM SPÓŁKA AKCYJNA;NewConnect
PLRSYSA00014;MIG;MILITARY;MILITARY GROUP SPÓŁKA AKCYJNA;NewConnect
PLMLKPL00012;MLP;MILKPOL;MILKPOL SPÓŁKA AKCYJNA;NewConnect
PLMLTNE00013;MTN;MILTON;MILTON ESSEX SPÓŁKA AKCYJNA;NewConnect
PLMNRLM00010;MND;MINERAL;MINERAL MIDRANGE SPÓŁKA AKCYJNA;NewConnect
PLMMCNF00014;MMC;MMCPL;MM CONFERENCES SPÓŁKA AKCYJNA;NewConnect
PLAIRMK00017;MO2;MOLIERA2;MOLIERA2 SPÓŁKA AKCYJNA;NewConnect
PLMNLIT00014;MLT;MOONLIT;MOONLIT SPÓŁKA AKCYJNA;NewConnect
PLMPAY000017;MPY;MPAY;MPAY SPÓŁKA AKCYJNA;NewConnect
PLMPLVR00016;VER;MPLVERBUM;MPL VERBUM SPÓŁKA AKCYJNA;NewConnect
PLMSMDC00018;MSM;MSM;MASSMEDICA SPÓŁKA AKCYJNA;NewConnect
PLCWA0000018;MTE;MTENERGIA;MINUTOR ENERGIA SPÓŁKA AKCYJNA;NewConnect
PLSITE000013;MUN;MUNAR;MUNAR SPÓŁKA AKCYJNA;NewConnect
PLMDNPL00013;MCD;MYCODERN;MYCODERN SPÓŁKA AKCYJNA;NewConnect
PLNEPTS00011;YAN;NEPTIS;NEPTIS SPÓŁKA AKCYJNA;NewConnect
PLNSTMD00010;NST;NESTMEDIC;NESTMEDIC SPÓŁKA AKCYJNA;NewConnect
PLHCKLG00010;NRS;NEURONE;NEURONE STUDIO SPÓŁKA AKCYJNA;NewConnect
PLNXTBK00018;NXB;NEXTBIKE;NEXTBIKE POLSKA SPÓŁKA AKCYJNA;NewConnect
PLNWCFR00012;NFP;NFPL;NOWOCZESNA FIRMA SPÓŁKA AKCYJNA;NewConnect
PLVNTCP00019;GNS;NIEWIADOW;GRUPA NIEWIADÓW - PGM SPÓŁKA AKCYJNA;NewConnect
PLNCTLC00018;NCL;NOCTILUCA;NOCTILUCA SPÓŁKA AKCYJNA;NewConnect
PLPLNTR00018;NOB;NOOBZ;NOOBZ FROM POLAND SPÓŁKA AKCYJNA;NewConnect
PLNTRSW00019;NTS;NOTORIA;NOTORIA SERWIS SPÓŁKA AKCYJNA;NewConnect
PLBABY000016;NOV;NOVINA;NOVINA SPÓŁKA AKCYJNA;NewConnect
PLSTCKI00016;NTV;NTVSA;NEW TECH VENTURE SPÓŁKA AKCYJNA;NewConnect
PLNWAI000017;NWA;NWAI;NWAI DOM MAKLERSKI SPÓŁKA AKCYJNA;NewConnect
PLOLMP000016;OLY;OLYMP;OLYMP SPÓŁKA AKCYJNA;NewConnect
PLJWASA00013;O2T;ONE2TRIBE;ONE2TRIBE SPÓŁKA AKCYJNA;NewConnect
PLLSRMD00018;OML;ONEMORE;ONE MORE LEVEL SPÓŁKA AKCYJNA;NewConnect
PLONCTR00028;ONC;ONICO;ONICO SPÓŁKA AKCYJNA;NewConnect
PLIMAGS00013;OPI;OPTIGIS;OPTIGIS SPÓŁKA AKCYJNA;NewConnect
PLORGNK00010;ORG;ORGANIC;ORGANIC FARMA ZDROWIA SPÓŁKA AKCYJNA;NewConnect
PLORZL000019;ORL;ORZLOPONY;ORZEŁ SPÓŁKA AKCYJNA;NewConnect
PLOUTDR00013;OUT;OUTDOORZY;OUTDOORZY SPÓŁKA AKCYJNA;NewConnect
PLOVIDW00014;OVI;OVIDWORKS;OVID WORKS SPÓŁKA AKCYJNA;NewConnect
PLSMOKS00015;OXY;OXYGEN;OXYGEN SPÓŁKA AKCYJNA;NewConnect
PLCSYSA00016;OZE;OZECAPITAL;OZE CAPITAL SPÓŁKA AKCYJNA;NewConnect
PLPLCHL00019;P2C;P2CHILL;PLAY2CHILL SPÓŁKA AKCYJNA;NewConnect
PLBMRNG00013;PTE;PARCELTEC;PARCEL TECHNIK SPÓŁKA AKCYJNA;NewConnect
PLPRNRH00010;PRN;PARTNER;PARTNER-NIERUCHOMOŚCI SPÓŁKA AKCYJNA;NewConnect
PLPRMBG00018;PBT;PBGAMES;PRIME BIT GAMES SPÓŁKA AKCYJNA;NewConnect
PLWKPRK00010;PIX;PIXELCROW;PIXEL CROW GAMES  SPÓŁKA AKCYJNA;NewConnect
PLPRKLS00016;P2B;PLANETB2B;PLANET B2B SPÓŁKA AKCYJNA;NewConnect
PLPLNTW00018;PNW;PLANTWEAR;PLANTWEAR SPÓŁKA AKCYJNA;NewConnect
PLPLSMS00010;PSM;PLASMA;PLASMA SYSTEM SPÓŁKA AKCYJNA;NewConnect
PLPTGMG00013;PLI;PLATIGE;PLATIGE IMAGE SPÓŁKA AKCYJNA;NewConnect
PLRAJDY00015;PLG;PLGROUP;PL GROUP SPÓŁKA AKCYJNA;NewConnect
PLA342500016;PLT;PLOTTWIST;PLOT TWIST SPÓŁKA AKCYJNA;NewConnect
PLPNTPK00014;PNT;POINTPACK;POINTPACK.PL SPÓŁKA AKCYJNA;NewConnect
PLANMD000014;PIT;POLARISIT;POLARIS IT GROUP SPÓŁKA AKCYJNA;NewConnect
PLRDDVS00016;PRH;POLHOLROZ;POLSKI HOLDING ROZWOJU SPÓŁKA AKCYJNA;NewConnect
PLPOLMN00010;PLM;POLMAN;POLMAN SPÓŁKA AKCYJNA;NewConnect
PLPLTRN00018;PTN;POLTRONIC;POLTRONIC SPÓŁKA AKCYJNA;NewConnect
PLPOLSL00011;PSH;POLYSLASH;POLYSLASH SPÓŁKA AKCYJNA;NewConnect
PLPRFBT00015;PBB;PREFABET;PRZEDSIĘBIORSTWO PRZEMYSŁU BETONÓW PREFABET - BIAŁE BŁOTA SPÓŁKA AKCYJNA;NewConnect
PL71MDA00018;PFG;PREFAGRP;PREFA GROUP SPÓŁKA AKCYJNA;NewConnect
PLPRS2400012;P24;PRESENT24;PRESENT24 SPÓŁKA AKCYJNA;NewConnect
PLPRTSD00022;PRE;PRESIDENT;PRESIDENT STUDIO SPÓŁKA AKCYJNA;NewConnect
PLGURDR00013;RNT;PRIVRNT;PRIVATE RENTED SECTOR SPÓŁKA AKCYJNA;NewConnect
PLBTEVL00019;PAC;PROACTA;PROACTA SPÓŁKA AKCYJNA;NewConnect
PLASMDV00013;PGG;PROGUNSGR;PROGUNS GROUP SPÓŁKA AKCYJNA;NewConnect
PLAPNPS00017;PRO;PROMISE;A.P.N. PROMISE SPÓŁKA AKCYJNA;NewConnect
PLPRMUS00013;PRS;PRYMUS;PRYMUS SPÓŁKA AKCYJNA;NewConnect
PLPTWP000015;PTW;PTWP;POLSKIE TOWARZYSTWO WSPIERANIA PRZEDSIĘBIORCZOŚCI SPÓŁKA AKCYJNA;NewConnect
PLPNCHP00016;PPG;PUNCHPUNK;PUNCH PUNK SPÓŁKA AKCYJNA;NewConnect
PLPRMGM00015;PDG;PYRAMID;PYRAMID GAMES SPÓŁKA AKCYJNA;NewConnect
PLQNTHL00017;QNA;QNATECHNO;QNA TECHNOLOGY SPÓŁKA AKCYJNA;NewConnect
PLQRTDV00016;QRT;QUART;QUART DEVELOPMENT SPÓŁKA AKCYJNA;NewConnect
PLQRTCN00015;QON;QUARTICON;QUARTICON SPÓŁKA AKCYJNA;NewConnect
PLQBCGM00018;QUB;QUBICGMS;QUBICGAMES SPÓŁKA AKCYJNA;NewConnect
PLRADGN00014;RDG;READGENE;READ-GENE SPÓŁKA AKCYJNA;NewConnect
PLRCMGR00012;RCM;REDCARPET;RED CARPET MEDIA GROUP SPÓŁKA AKCYJNA;NewConnect
PLREMDS00021;REM;REMEDIS;REMEDIS SPÓŁKA AKCYJNA;NewConnect
PLAGRTR00011;RSP;REMORSOL;REMOR SOLAR POLSKA SPÓŁKA AKCYJNA;NewConnect
PLRNDCB00011;RND;RENDER;RENDER CUBE SPÓŁKA AKCYJNA;NewConnect
PLA348700016;RST;ROAD;ROAD STUDIO SPÓŁKA AKCYJNA;NewConnect
PLRBSNE00015;RBS;ROBINSON;ROBINSON EUROPE SPÓŁKA AKCYJNA;NewConnect
PLRBGRL00016;RGL;ROBSGROUP;ROBS GROUP LOGISTIC;NewConnect
PLROCCA00013;RCA;ROCCA;ROCCA SPÓŁKA AKCYJNA;NewConnect
PLCMPRS00011;RRH;ROOFRENOV;ROOF RENOVATION SPÓŁKA AKCYJNA;NewConnect
PLRDSGM00018;RSG;RSGAMES;RED SQUARE GAMES SPÓŁKA AKCYJNA;NewConnect
PLRCHZW00012;RCW;RUCHCHORZ;RUCH CHORZÓW SPÓŁKA AKCYJNA;NewConnect
PLS4E0000015;S4E;S4E;S4E SPÓŁKA AKCYJNA;NewConnect
PLSAKAN00010;SKN;SAKANA;SAKANA SPÓŁKA AKCYJNA;NewConnect
PLBLMPI00017;SLT;SAULETECH;SAULE TECHNOLOGIES SPÓŁKA AKCYJNA;NewConnect
PLSCWAY00018;SCW;SCANWAY;SCANWAY SPÓŁKA AKCYJNA;NewConnect
PLSDSOP00013;SDS;SDSOPTIC;SDS OPTIC SPÓŁKA AKCYJNA;NewConnect
PLEC20000010;SED;SEDIVIO;SEDIVIO SPÓŁKA AKCYJNA;NewConnect
PLSVNET00019;SEV;SEVENET;SEVENET SPÓŁKA AKCYJNA;NewConnect
PLSFD0000013;SFD;SFD;SFD SPÓŁKA AKCYJNA;NewConnect
PLSFKPL00011;SFK;SFKPOLKAP;SKOCZOWSKA FABRYKA KAPELUSZY POLKAP SPÓŁKA AKCYJNA;NewConnect
PLDRKND00010;SHY;SHEEPYARD;SHEEPYARD SPÓŁKA AKCYJNA;NewConnect
PLSMTRC00013;SMT;SIMTERACT;SIMTERACT SPÓŁKA AKCYJNA;NewConnect
PLSFTBL00012;SBE;SOFTBLUE;SOFTBLUE SPÓŁKA AKCYJNA;NewConnect
PLTABLO00012;SIN;SOLARINOV;SOLAR INNOVATION SPÓŁKA AKCYJNA;NewConnect
PLSNK0000012;SOK;SONKA;SONKA SPÓŁKA AKCYJNA;NewConnect
PLSPFXG00014;FOX;SPACEFOX;SPACE FOX GAMES SPÓŁKA AKCYJNA;NewConnect
PLSTNDR00019;STD;STANDREW;STANDREW SPÓŁKA AKCYJNA;NewConnect
PLSTRWI00019;STA;STARWARD;STARWARD INDUSTRIES SPÓŁKA AKCYJNA;NewConnect
PLSTCLS00013;SCS;STEMCELLS;STEM CELLS SPIN SPÓŁKA AKCYJNA;NewConnect
PLSTLNR00012;STI;STILO;STILO ENERGY SPÓŁKA AKCYJNA;NewConnect
PLYTFRC00015;SKY;STOHID;STOHID TECHNOLOGY SPÓŁKA AKCYJNA;NewConnect
PLPRSGD00011;SNN;SUNNET;SUNWAY NETWORK SPÓŁKA AKCYJNA;NewConnect
PLSNTCH00012;SUN;SUNTECH;SUNTECH SPÓŁKA AKCYJNA;NewConnect
PLSFTMN00015;SWM;SWMANSION;SOFTWARE MANSION SPÓŁKA AKCYJNA;NewConnect
PLMODE000019;SYG;SYGNIS;SYGNIS SPÓŁKA AKCYJNA;NewConnect
PLMWTNS00010;SNG;SYNERGA;SYNERGA.FUND SPÓŁKA AKCYJNA;NewConnect
PLSZAR000018;SZR;SZAR;SZAR SPÓŁKA AKCYJNA;NewConnect
PLTAMEX00015;TOS;TAMEX;TAMEX OBIEKTY SPORTOWE SPÓŁKA AKCYJNA;NewConnect
PLTAXNT00011;TXN;TAXNET;TAX-NET SPÓŁKA AKCYJNA;NewConnect
PLNGTDV00016;TCR;TECHROBOT;TECH ROBOTICS SPÓŁKA AKCYJNA;NewConnect
PLTLMDC00018;TMP;TELEMEDPL;TELEMEDYCYNA POLSKA SPÓŁKA AKCYJNA;NewConnect
PLTELST00017;TLO;TELESTO;TELESTO SPÓŁKA AKCYJNA;NewConnect
PLTLSTD00019;TLS;TELESTR;TELESTRADA SPÓŁKA AKCYJNA;NewConnect
PLPTLTG00018;TLG;TELGAM;PRZEDSIĘBIORSTWO TELEKOMUNIKACYJNE TELGAM SPÓLKA AKCYJNA;NewConnect
PLTRMEX00019;TME;TERMOEXP;TERMOEXPERT SPÓŁKA AKCYJNA;NewConnect
PLTHDST00017;THD;THEDUST;THE DUST;NewConnect
PLVCAOC00015;TNT;TNTPROENR;T&T PROENERGY SPÓŁKA AKCYJNA;NewConnect
PLAUXLM00026;TRX;TREX;TREX SPÓŁKA AKCYJNA;NewConnect
PLTRGG000014;TGG;TRIGGO;TRIGGO SPÓŁKA AKCYJNA;NewConnect
PLKKHRB00011;TGS;TRUEGS;TRUE GAMES SYNDICATE SPÓŁKA AKCYJNA;NewConnect
PLUFGMS00017;UFG;UFGAMES;UF GAMES SPÓŁKA AKCYJNA;NewConnect
PLDTBRK00037;UFC;UNIFIED;UNIFIED FACTORY SPÓŁKA AKCYJNA;NewConnect
PLUNTDL00018;UNL;UNILABGAM;UNITED LABEL SPÓŁKA AKCYJNA;NewConnect
PLALDA000010;UNV;UNIVERSE;UNIVERSE AKCYJNA;NewConnect
PLYORIM00019;VAR;VARSAV;VARSAV GAME STUDIOS SPÓŁKA AKCYJNA;NewConnect
PLVCTCM00019;VEE;VEE;VEE SPÓŁKA AKCYJNA;NewConnect
PLVRBCM00015;VRB;VERBICOM;VERBICOM SPÓŁKA AKCYJNA;NewConnect
PLVTRON00010;VIA;VIATRON;VIATRON SPÓŁKA AKCYJNA;NewConnect
PLVIDIS00014;VDS;VIDIS;VIDIS SPÓŁKA AKCYJNA;NewConnect
PLIPODS00014;VGN;VINCIGEN;VINCI GEN SPÓŁKA AKCYJNA;NewConnect
PLVRTLV00019;VIV;VISION;EUROINVESTMENT SPÓŁKA AKCYJNA;NewConnect
PLVMAX000028;VMX;VMAXSA;V-MAX SPÓŁKA AKCYJNA;NewConnect
PLDTLGM00019;VAI;VOLARIA;VOLARIA AI SPÓŁKA AKCYJNA;NewConnect
PLNVVIS00016;VLT;VOOLT;VOOLT SPÓŁKA AKCYJNA;NewConnect
PLVRFBR00017;VFA;VRFABRIC;VRFABRIC SPÓŁKA AKCYJNA;NewConnect
PLSFLND00011;VRF;VRFACTORY;VR FACTORY GAMES SPÓŁKA AKCYJNA;NewConnect
PLWRTHL00016;WHH;WERTHHOLZ;WERTH-HOLZ SPÓŁKA AKCYJNA;NewConnect
PLWREST00018;WRE;WESTREAL;WEST REAL ESTATE SPÓŁKA AKCYJNA;NewConnect
PLSKNWL00011;WGP;WGPARTNER;W.G PARTNERS SPÓŁKA AKCYJNA;NewConnect
PLWRZCL00014;WRL;WIERZYCL;WIERZYCIEL SPÓŁKA AKCYJNA;NewConnect
PLGMSBX00010;WLI;WILDINT;WILDLANDS INTERACTIVE SPÓŁKA AKCYJNA;NewConnect
PLWDKAN00016;WOD;WODKAN;WODKAN PRZEDSIĘBIORSTWO WODOCIĄGÓW I KANALIZACJI SPÓŁKA AKCYJNA;NewConnect
PLWDPCK00017;WPR;WOODPCKR;WOODPECKER.CO SPÓŁKA AKCYJNA;NewConnect
PLPROLG00013;XBS;XBSPROLOG;XBS PRO-LOG SPÓŁKA AKCYJNA;NewConnect
PLINSAG00011;YBS;YELLOWBOS;YELLOW BOSON SPÓŁKA AKCYJNA;NewConnect
PLACREO00019;YOS;YOSHI;YOSHI INNOVATION SPÓŁKA AKCYJNA;NewConnect
PLA351100013;ZEN;ZENERIS;ZENERIS PROJEKTY SPÓŁKA AKCYJNA;NewConnect
PLCRLNS00018;ZRX;ZORTRAX;ZORTRAX SPÓŁKA AKCYJNA;NewConnect
DE000A1EWWW0;ADS;ADIDAS;ADIDAS AG;GlobalConnect
US0079031078;AMD;ADVANCED;ADVANCED MICRO DEVICES;GlobalConnect
DE0008404005;ALV;ALLIANZ;ALLIANZ SE;GlobalConnect
US02079K3059;GOGL;ALPHABET;ALPHABET INC.;GlobalConnect
US0231351067;AMZN;AMAZON;AMAZON.COM, INC.;GlobalConnect
US0378331005;AAPL;APPLE;APPLE INC.;GlobalConnect
NL0010273215;ASML;ASML;ASML HOLDING N.V.;GlobalConnect
DE000BAY0017;BAY;BAYER;BAYER AG;GlobalConnect
US0846707026;BRKB;BERKSHIRE;BERKSHIRE HATHAWA;GlobalConnect
DE0005190003;BMW;BMW;BMW;GlobalConnect
US0970231058;BOEG;BOEING;THE BOEING COMPANY;GlobalConnect
DK0010181759;CARL;CARLSBERG;CARLSBERG A/S;GlobalConnect
US1912161007;COLA;COCACOLA;COCA-COLA;GlobalConnect
SE0000106270;HANM;HANDM;H & M HENNES & MAURITZ AB;GlobalConnect
ES0148396007;ITX;INDITEX;INDITEX, S.A.;GlobalConnect
LU2290522684;INPT;INPOST;INPOST SOCIETE ANONYME;GlobalConnect
US4581401001;INTL;INTEL;INTEL CORPORATION;GlobalConnect
PTJMT0AE0001;JMT;JERONIMO;JERONIMO MARTINS;GlobalConnect
US46625H1005;JPM;JPMORGAN;JPMORGAN CHASE & CO.;GlobalConnect
US5801351017;MCDL;MCDONALDS;MCDONALD'S;GlobalConnect
DE0007100000;MBG;MERCEDES;MERCEDES-BENZ GROUP;GlobalConnect
US30303M1027;META;META;META PLATFORMS, INC.;GlobalConnect
US5949181045;MSFT;MICROSOFT;MICROSOFT CORPORATION;GlobalConnect
US64110L1061;NFLX;NETFLIX;NETFLIX, INC.;GlobalConnect
US6541061031;NIKE;NIKE;NIKE;GlobalConnect
US67066G1040;NVDA;NVIDIA;NVIDIA CORPORATION;GlobalConnect
DK0062498333;NVO;NVONORDSK;NOVO NORDISK A/S;GlobalConnect
US69608A1088;PLTR;PALANTIR;PALANTIR TECHNOLOGIES INC.;GlobalConnect
DE000PAH0038;PSHE;PORSCHE;PORSCHE;GlobalConnect
US7427181091;PCGL;PROCTER;THE PROCTER & GAMBLE COMPANY;GlobalConnect
NL0013654783;PRX;PROSUS;PROSUS N.V.;GlobalConnect
DE0007030009;RHM;RHEINMET;RHEINMETALL AG;GlobalConnect
US7707001027;HOOD;ROBINHOOD;ROBINHOOD MARKETS, INC.;GlobalConnect
DE0007037129;RWE;RWE;RWE AG;GlobalConnect
DE0007164600;SAP;SAP;SAP SE;GlobalConnect
DE0007236101;SIE;SIEMENS;SIEMENS AG;GlobalConnect
US8740541094;TTWO;TAKETWO;TAKE-TWO INTERACTIVE;GlobalConnect
US88160R1014;TSLA;TESLA;TESLA INC.;GlobalConnect
US90353T1007;UBER;UBER;UBER TECHNOLOGIES, INC.;GlobalConnect
DK0061539921;VEST;VESTAS;VESTAS WIND SYSTEMS A/S;GlobalConnect
US92826C8394;VISA;VISA;VISA INC.;GlobalConnect
DE0007664039;VOW;VOLKSWAGEN;VOLKSWAGEN AG;GlobalConnect
SE0000115446;VOLV;VOLVO;VOLVO AB;GlobalConnect
DE000ZAL1111;ZAL;ZALANDO;ZALANDO SE;GlobalConnect
